,"BHX - 376 Lý Thái Tổ, Ấp Bến Sắc"
,
,"BHX - Tổ 31 Ấp Trầu, Phước Thiền"
,
,BHX - Thửa 67 Phước Thiền - 8108
,
,BHX - Ấp Trầu (Phước Thiền) Gia Dụng - 6776
,
,"BHX: Tổ 25, Ấp Bến Sắn, Phước Thiền"
,
,"BHX: ẤP 5 Tam An, Long Thành 7011"
,
,Vinmart+ - DNI 55/7 Phạm Văn Đồng - 6187
,
,Concung - 450 Lý Thái Tổ ( Vòng Xoay Bến Cam) - 507
,
,Concung - 55/7 Phạm Văn Đồng - 891
,
,Concung - Hương Lộ 21 - 1156
,
,"CÔNG TY TNHH PHAN BÁ LỘC - Nhơn Trạch, Đồng Nai"
,
,Công ty PV GAS D- Nhơn Trạch
,
,"Suất ăn công nghiệp Gô Co Vi Na (Bếp Ansell Vina, Long Thành)"
,
,SACN Hưng Thịnh (Bếp công ty Cadivi)
,
,SACN Hưng Thịnh (Bếp công ty Welcron Global)
,
,"SACN TUẤN PHÁT (Công ty Lotte Chemical Việt Nam, Nhơn Trạch)"
,
,"Suất ăn công nghiệp Bizen (Bếp OM Digital, Long Thành)"
,
,Hai Đỏ
,
,Hoàng Ân
,
,Châu Lan
,
,Hùng Quỳnh
,
,Năm Biên
,
,Anh Thy
,
,Thảo Linh
,
,TRƯỜNG MẦM NON BÌNH MINH
,
,Vinh Quang 1
,
,Bảo Ngọc
,
,Bà Phương
,
,Bh Hồng Gấm
,
,Hoàng Hiệp
,
,Linh Trường